model,op_name,cuda_time_us,pct_total,calls,avg_us,cpu_time_us,cuda_memory_mb
GPT2 (12L/768h/124M),aten::addmm,152734.5,38.0,2400,63.6,34729.0,0.0
GPT2 (12L/768h/124M),ampere_sgemm_128x64_nn,134519.6,33.4,1800,74.7,0,0.0
GPT2 (12L/768h/124M),ampere_sgemm_128x32_nn,16846.1,4.2,600,28.1,0,0.0
GPT2 (12L/768h/124M),aten::bmm,15071.7,3.7,1200,12.6,20132.0,0.0
GPT2 (12L/768h/124M),ampere_sgemm_128x128_nn,9165.1,2.3,600,15.3,0,0.0
GPT2 (12L/768h/124M),aten::mul,8082.3,2.0,2400,3.4,18179.5,0.0
GPT2 (12L/768h/124M),aten::add,6479.7,1.6,2450,2.6,19059.2,0.0
GPT2 (12L/768h/124M),ampere_sgemm_128x128_tn,5906.5,1.5,600,9.8,0,0.0
GPT2 (12L/768h/124M),"void at::native::vectorized_elementwise_kernel<4, at::native::AUnaryFunctor<float, float, float, at::native::binary_internal::MulFunctor<float> >, std::array<char*, 2ul> >(int, at::native::AUnaryFunctor<float, float, float, at::native::binary_internal::MulFunctor<float> >, std::array<char*, 2ul>)",5641.8,1.4,1800,3.1,0,0.0
GPT2 (12L/768h/124M),aten::native_layer_norm,4661.6,1.2,1250,3.7,15282.3,0.0
GPT2 (12L/768h/124M),"void at::native::(anonymous namespace)::vectorized_layer_norm_kernel<float, float, false>(int, float, float const*, float const*, float const*, float*, float*, float*)",4661.6,1.2,1250,3.7,0,0.0
GPT2 (12L/768h/124M),"void at::native::vectorized_elementwise_kernel<4, at::native::CUDAFunctor_add<float>, std::array<char*, 3ul> >(int, at::native::CUDAFunctor_add<float>, std::array<char*, 3ul>)",4582.1,1.1,1850,2.5,0,0.0
GPT2 (12L/768h/124M),aten::where,2810.5,0.7,600,4.7,6985.4,0.0
GPT2 (12L/768h/124M),"void at::native::elementwise_kernel<128, 2, at::native::gpu_kernel_impl_nocast<at::native::(anonymous namespace)::where_kernel_impl(at::TensorIterator&)::{lambda()#1}::operator()() const::{lambda()#11}::operator()() const::{lambda(bool, float, float)#1}>(at::TensorIteratorBase&, at::native::(anonymous namespace)::where_kernel_impl(at::TensorIterator&)::{lambda()#1}::operator()() const::{lambda()#11}::operator()() const::{lambda(bool, float, float)#1} const&)::{lambda(int)#1}>(int, at::native::gpu_kernel_impl_nocast<at::native::(anonymous namespace)::where_kernel_impl(at::TensorIterator&)::{lambda()#1}::operator()() const::{lambda()#11}::operator()() const::{lambda(bool, float, float)#1}>(at::TensorIteratorBase&, at::native::(anonymous namespace)::where_kernel_impl(at::TensorIterator&)::{lambda()#1}::operator()() const::{lambda()#11}::operator()() const::{lambda(bool, float, float)#1} const&)::{lambda(int)#1})",2810.5,0.7,600,4.7,0,0.0
GPT2 (12L/768h/124M),aten::_softmax,2643.7,0.7,600,4.4,4588.5,0.0
GPT2 (12L/768h/124M),"void (anonymous namespace)::softmax_warp_forward<float, float, float, 7, false, false, 32>(float*, float const*, int, int, int, bool const*, int, bool)",2643.7,0.7,600,4.4,0,0.0
GPT2 (12L/768h/124M),"void at::native::vectorized_elementwise_kernel<4, at::native::BinaryFunctor<float, float, float, at::native::binary_internal::MulFunctor<float> >, std::array<char*, 3ul> >(int, at::native::BinaryFunctor<float, float, float, at::native::binary_internal::MulFunctor<float> >, std::array<char*, 3ul>)",2440.5,0.6,600,4.1,0,0.0
GPT2 (12L/768h/124M),aten::div,2055.7,0.5,600,3.4,5831.1,0.0
GPT2 (12L/768h/124M),"void at::native::elementwise_kernel<128, 2, at::native::gpu_kernel_impl_nocast<at::native::BinaryFunctor<float, float, float, at::native::binary_internal::DivFunctor<float> > >(at::TensorIteratorBase&, at::native::BinaryFunctor<float, float, float, at::native::binary_internal::DivFunctor<float> > const&)::{lambda(int)#1}>(int, at::native::gpu_kernel_impl_nocast<at::native::BinaryFunctor<float, float, float, at::native::binary_internal::DivFunctor<float> > >(at::TensorIteratorBase&, at::native::BinaryFunctor<float, float, float, at::native::binary_internal::DivFunctor<float> > const&)::{lambda(int)#1})",2055.7,0.5,600,3.4,0,0.0
GPT2 (12L/768h/124M),aten::tanh,2033.1,0.5,600,3.4,4013.9,0.0
GPT2 (12L/768h/124M),"void at::native::vectorized_elementwise_kernel<4, at::native::tanh_kernel_cuda(at::TensorIteratorBase&)::{lambda()#2}::operator()() const::{lambda()#2}::operator()() const::{lambda(float)#1}, std::array<char*, 2ul> >(int, at::native::tanh_kernel_cuda(at::TensorIteratorBase&)::{lambda()#2}::operator()() const::{lambda()#2}::operator()() const::{lambda(float)#1}, std::array<char*, 2ul>)",2033.1,0.5,600,3.4,0,0.0
GPT2 (12L/768h/124M),aten::pow,1904.5,0.5,600,3.2,6386.9,0.0
GPT2 (12L/768h/124M),"void at::native::vectorized_elementwise_kernel<4, at::native::(anonymous namespace)::pow_tensor_scalar_kernel_impl<float, float>(at::TensorIteratorBase&, float)::{lambda(float)#2}, std::array<char*, 2ul> >(int, at::native::(anonymous namespace)::pow_tensor_scalar_kernel_impl<float, float>(at::TensorIteratorBase&, float)::{lambda(float)#2}, std::array<char*, 2ul>)",1904.5,0.5,600,3.2,0,0.0
GPT2 (12L/768h/124M),"void at::native::vectorized_elementwise_kernel<4, at::native::CUDAFunctorOnSelf_add<float>, std::array<char*, 2ul> >(int, at::native::CUDAFunctorOnSelf_add<float>, std::array<char*, 2ul>)",1897.7,0.5,600,3.2,0,0.0
GPT2 (12L/768h/124M),aten::copy_,1701.9,0.4,1200,1.4,8057.4,0.0
GPT2 (12L/768h/124M),"void at::native::elementwise_kernel<128, 2, at::native::gpu_kernel_impl_nocast<at::native::direct_copy_kernel_cuda(at::TensorIteratorBase&)::{lambda()#3}::operator()() const::{lambda()#7}::operator()() const::{lambda(float)#1}>(at::TensorIteratorBase&, at::native::direct_copy_kernel_cuda(at::TensorIteratorBase&)::{lambda()#3}::operator()() const::{lambda()#7}::operator()() const::{lambda(float)#1} const&)::{lambda(int)#1}>(int, at::native::gpu_kernel_impl_nocast<at::native::direct_copy_kernel_cuda(at::TensorIteratorBase&)::{lambda()#3}::operator()() const::{lambda()#7}::operator()() const::{lambda(float)#1}>(at::TensorIteratorBase&, at::native::direct_copy_kernel_cuda(at::TensorIteratorBase&)::{lambda()#3}::operator()() const::{lambda()#7}::operator()() const::{lambda(float)#1} const&)::{lambda(int)#1})",1502.9,0.4,600,2.5,0,0.0
GPT2 (12L/768h/124M),Memset (Device),1368.9,0.3,1800,0.8,0,0.0
GPT2 (12L/768h/124M),aten::fill_,573.6,0.1,1200,0.5,3753.7,0.0
GPT2 (12L/768h/124M),"void at::native::vectorized_elementwise_kernel<4, at::native::FillFunctor<float>, std::array<char*, 1ul> >(int, at::native::FillFunctor<float>, std::array<char*, 1ul>)",573.6,0.1,600,1.0,0,0.0
GPT2 (12L/768h/124M),aten::gather,335.7,0.1,100,3.4,953.8,0.0
GPT2 (12L/768h/124M),"void at::native::vectorized_gather_kernel<16, long>(char*, char*, long*, int, long, long, long, long, bool)",335.7,0.1,100,3.4,0,0.0
GPT2 (12L/768h/124M),Memcpy HtoD (Pageable -> Device),199.0,0.0,600,0.3,0,0.0
GPT2 (12L/768h/124M),Activity Buffer Request,77.8,0.0,3,25.9,2792.3,0.0
GPT2 (12L/768h/124M),aten::arange,47.7,0.0,100,0.5,540.1,0.0
GPT2 (12L/768h/124M),"void (anonymous namespace)::elementwise_kernel_with_index<int, at::native::arange_cuda_out(c10::Scalar const&, c10::Scalar const&, c10::Scalar const&, at::Tensor&)::{lambda()#1}::operator()() const::{lambda()#4}::operator()() const::{lambda(long)#1}>(int, at::native::arange_cuda_out(c10::Scalar const&, c10::Scalar const&, c10::Scalar const&, at::Tensor&)::{lambda()#1}::operator()() const::{lambda()#4}::operator()() const::{lambda(long)#1}, function_traits<at::native::arange_cuda_out(c10::Scalar const&, c10::Scalar const&, c10::Scalar const&, at::Tensor&)::{lambda()#1}::operator()() const::{lambda()#4}::operator()() const::{lambda(long)#1}>::result_type*)",47.7,0.0,50,1.0,0,0.0
